Observation,TermDays,strm,Headcount,HeadcountDiff,DummyData,SCH,SCHDiff
1,,1118,15424,0,1,173218,0
2,-124,1118,15533,109,0,174455.5,1237.5
3,-123,1118,15642,109,0,175693,1237.5
4,-121,1118,15857,215,0,178280,2587
5,-120,1118,16063,206,0,180457,2177
6,-119,1118,16236,173,0,182611,2154
7,-118,1118,16382,146,0,184406.5,1795.5
8,-117,1118,16494,112,0,185677,1270.5
9,-116,1118,16596,102,0,186882.5,1205.5
10,,1118,16751,155,1,188621,1738.5
11,-113,1118,16905,154,0,190360,1739
12,-112,1118,17038,133,0,191756,1396
13,,1118,17338,300,1,195103,3347
14,-110,1118,17637,299,0,198449,3346
15,-109,1118,17749,112,0,199746,1297
16,-107,1118,17894,145,0,201433.5,1687.5
17,-106,1118,18040,146,0,203176,1742.5
18,-105,1118,18187,147,0,204801,1625
19,-104,1118,18346,159,0,206504,1703
20,-103,1118,18455,109,0,207688,1184
21,-102,1118,18567,112,0,208854,1166
22,-100,1118,18732,165,0,210590,1736
23,-99,1118,18878,146,0,212552,1962
24,-98,1118,18974,96,0,213693.5,1141.5
25,-97,1118,19086,112,0,215207.5,1514
26,-96,1118,19481,395,0,219890.5,4683
27,-95,1118,19547,66,0,220753.5,863
28,-93,1118,19651,104,0,221927.5,1174
29,-92,1118,19746,95,0,223007.5,1080
30,-91,1118,19825,79,0,223698.5,691
31,-90,1118,19878,53,0,224474,775.5
32,-89,1118,19924,46,0,224970,496
33,-88,1118,19981,57,0,225607.5,637.5
34,-86,1118,20017,36,0,225964.5,357
35,-85,1118,20094,77,0,226886.5,922
36,-84,1118,20255,161,0,228469.5,1583
37,-83,1118,20365,110,0,229749,1279.5
38,-82,1118,20645,280,0,232816,3067
39,-81,1118,20715,70,0,233657,841
40,-79,1118,20833,118,0,235031,1374
41,-78,1118,20912,79,0,235884,853
42,-77,1118,20992,80,0,236818.5,934.5
43,-76,1118,21062,70,0,237618,799.5
44,-75,1118,21314,252,0,240502.5,2884.5
45,-74,1118,21391,77,0,241260,757.5
46,-72,1118,21498,107,0,242362,1102
47,-71,1118,21656,158,0,243937.5,1575.5
48,-70,1118,21727,71,0,244813.5,876
49,-69,1118,21810,83,0,245665.5,852
50,-68,1118,22415,605,0,254255.5,8590
51,-67,1118,22481,66,0,254963.5,708
52,-65,1118,22557,76,0,255801.5,838
53,-64,1118,23181,624,0,264691.5,8890
54,-63,1118,23263,82,0,265703.5,1012
55,-62,1118,23350,87,0,266693,989.5
56,-61,1118,23713,363,0,270595,3902
57,-60,1118,23793,80,0,271463,868
58,-58,1118,23901,108,0,272591,1128
59,-57,1118,24534,633,0,281403.5,8812.5
60,-56,1118,24616,82,0,282419.5,1016
61,-55,1118,24715,99,0,283576,1156.5
62,-54,1118,25325,610,0,292102,8526
63,-53,1118,25375,50,0,292661,559
64,-51,1118,25397,22,0,292970,309
65,-50,1118,25494,97,0,293968,998
66,-49,1118,25629,135,0,295347,1379
67,-48,1118,25722,93,0,296503,1156
68,-47,1118,26140,418,0,301188,4685
69,-46,1118,26262,122,0,302540,1352
70,-44,1118,26423,161,0,304307.5,1767.5
71,-43,1118,26573,150,0,306243.5,1936
72,-42,1118,27263,690,0,315485.5,9242
73,-41,1118,27408,145,0,317202,1716.5
74,-40,1118,27559,151,0,318821.5,1619.5
75,-39,1118,27739,180,0,320530.5,1709
76,-37,1118,27928,189,0,322413.5,1883
77,-36,1118,28689,761,0,332387,9973.5
78,-35,1118,28882,193,0,334262.5,1875.5
79,-34,1118,29051,169,0,336219,1956.5
80,-33,1118,29589,538,0,341905,5686
81,-32,1118,29694,105,0,343108.5,1203.5
82,-30,1118,29896,202,0,344839,1730.5
83,-29,1118,30114,218,0,347090,2251
84,-28,1118,30298,184,0,349082,1992
85,-27,1118,30484,186,0,350960.5,1878.5
86,-26,1118,30980,496,0,355999.5,5039
87,-25,1118,31162,182,0,357784.5,1785
88,-23,1118,31446,284,0,360464,2679.5
89,-22,1118,31436,-10,0,360482.5,18.5
90,-21,1118,31437,1,0,360474.5,-8
91,-20,1118,30427,-1010,0,351297,-9177.5
92,-19,1118,30452,25,0,351293,-4
93,-18,1118,30453,1,0,351302,9
94,-16,1118,30469,16,0,351602,300
95,-15,1118,30483,14,0,351751,149
96,-14,1118,30514,31,0,352284.5,533.5
97,-13,1118,30538,24,0,353237.5,953
98,-12,1118,30525,-13,0,354413.5,1176
99,-11,1118,30525,0,0,355578,1164.5
100,-9,1118,30539,14,0,356282.5,704.5
101,-8,1118,30542,3,0,357245.5,963
102,-7,1118,31062,520,0,362473.5,5228
103,-6,1118,33761,2699,0,387848,25374.5
104,-5,1118,34779,1018,0,396849.5,9001.5
105,-4,1118,35153,374,0,399804,2954.5
106,-2,1118,35827,674,0,406122.5,6318.5
107,-1,1118,35048,-779,0,399683,-6439.5
108,0,1118,36552,1504,0,414476.5,14793.5
109,1,1118,36949,397,0,418633.5,4157
110,-125,1128,16494,0,0,187670.5,0
111,-124,1128,16706,212,0,190206,2535.5
112,,1128,16831,125,1,191642,1436
113,-122,1128,16955,124,0,193078,1436
114,-120,1128,17191,236,0,195945.5,2867.5
115,-119,1128,17371,180,0,198207,2261.5
116,-118,1128,17533,162,0,200262.5,2055.5
117,-117,1128,17917,384,0,204709.5,4447
118,-116,1128,18023,106,0,206055.5,1346
119,-115,1128,18122,99,0,207249.5,1194
120,-113,1128,18259,137,0,209024.5,1775
121,-112,1128,18384,125,0,210626.5,1602
122,-111,1128,18513,129,0,212089.5,1463
123,-110,1128,18672,159,0,213739.5,1650
124,-109,1128,18770,98,0,214912.5,1173
125,-108,1128,18871,101,0,216060.5,1148
126,-106,1128,19042,171,0,218036,1975.5
127,-105,1128,19203,161,0,220018,1982
128,-104,1128,19308,105,0,221218.5,1200.5
129,-103,1128,19403,95,0,222424.5,1206
130,-102,1128,19479,76,0,223301.5,877
131,-101,1128,19533,54,0,223984.5,683
132,-99,1128,19612,79,0,225056.5,1072
133,-98,1128,19698,86,0,226021.5,965
134,-97,1128,19771,73,0,226900,878.5
135,-96,1128,19854,83,0,227745,845
136,-95,1128,19896,42,0,228309.5,564.5
137,-94,1128,19957,61,0,228923.5,614
138,-92,1128,19986,29,0,229263.5,340
139,-91,1128,20046,60,0,229939.5,676
140,-90,1128,20165,119,0,231103.5,1164
141,-89,1128,20244,79,0,232014.5,911
142,-88,1128,20681,437,0,237097,5082.5
143,-87,1128,20747,66,0,237808,711
144,-85,1128,20834,87,0,238844.5,1036.5
145,-84,1128,20893,59,0,239646.5,802
146,-83,1128,20953,60,0,240408.5,762
147,-82,1128,21018,65,0,241095.5,687
148,-81,1128,21047,29,0,241445.5,350
149,-80,1128,21109,62,0,242077,631.5
150,-78,1128,21197,88,0,243058.5,981.5
151,-77,1128,21235,38,0,244108.5,1050
152,-76,1128,21385,150,0,244897,788.5
153,-75,1128,21471,86,0,245722,825
154,-74,1128,22187,716,0,255624.5,9902.5
155,-73,1128,22254,67,0,256419.5,795
156,-71,1128,22319,65,0,257131,711.5
157,-70,1128,22975,656,0,266310,9179
158,-69,1128,23061,86,0,267197.5,887.5
159,-68,1128,23125,64,0,267873.5,676
160,-67,1128,23168,43,0,268418.5,545
161,-66,1128,23222,54,0,268817.5,399
162,-64,1128,23303,81,0,269729.5,912
163,-63,1128,23386,83,0,270539,809.5
164,-62,1128,24037,651,0,279842.5,9303.5
165,-61,1128,24132,95,0,280793.5,951
166,-60,1128,24691,559,0,287176.5,6383
167,-59,1128,24782,91,0,288155.5,979
168,-57,1128,24901,119,0,289389,1233.5
169,,1128,24954,53,1,290014,625
170,-55,1128,25007,53,0,290639,625
171,-54,1128,25132,125,0,291987,1348
172,-53,1128,25656,524,0,297973.5,5986.5
173,-52,1128,25759,103,0,299192.5,1219
174,-50,1128,25968,209,0,301283,2090.5
175,-49,1128,26075,107,0,302536,1253
176,-48,1128,26813,738,0,312710,10174
177,-47,1128,26974,161,0,314399,1689
178,-46,1128,27635,661,0,321984,7585
179,-45,1128,27741,106,0,323139,1155
180,-43,1128,27947,206,0,325500.5,2361.5
181,-42,1128,28692,745,0,335462,9961.5
182,-41,1128,28863,171,0,337435,1973
183,-40,1128,28985,122,0,338993,1558
184,-39,1128,29751,766,0,349219.5,10226.5
185,-38,1128,29832,81,0,350248.5,1029
186,-36,1128,29992,160,0,351962,1713.5
187,-35,1128,30106,114,0,353143,1181
188,-34,1128,30235,129,0,354724.5,1581.5
189,-33,1128,30354,119,0,355985.5,1261
190,-32,1128,30877,523,0,361250,5264.5
191,-31,1128,31034,157,0,362886.5,1636.5
192,-29,1128,31215,181,0,364902,2015.5
193,-28,1128,31415,200,0,366854.5,1952.5
194,-27,1128,31574,159,0,368384,1529.5
195,-26,1128,31751,177,0,370334,1950
196,-25,1128,32190,439,0,374926.5,4592.5
197,-24,1128,32352,162,0,376423.5,1497
198,-22,1128,32668,316,0,379751,3327.5
199,-21,1128,32659,-9,0,379766,15
200,-20,1128,32656,-3,0,379777,11
201,-19,1128,31579,-1077,0,370407.5,-9369.5
202,-18,1128,31596,17,0,370547.5,140
203,-17,1128,31597,1,0,370557.5,10
204,-15,1128,31626,29,0,370911.5,354
205,-14,1128,31623,-3,0,371129,217.5
206,-13,1128,31464,-159,0,370075,-1054
207,-12,1128,31476,12,0,371147.5,1072.5
208,-11,1128,31480,4,0,372053,905.5
209,-10,1128,31482,2,0,372462.5,409.5
210,-8,1128,31488,6,0,372940.5,478
211,-7,1128,31504,16,0,373748.5,808
212,-6,1128,34093,2589,0,396651.5,22903
213,-5,1128,35273,1180,0,409371.5,12720
214,-4,1128,36075,802,0,416947.5,7576
215,-3,1128,36385,310,0,418996.5,2049
216,-1,1128,35432,-953,0,410746.5,-8250
217,0,1128,36791,1359,0,424135.5,13389
218,1,1128,37191,400,0,427968,3832.5
219,-125,1138,16670,0,0,193240,0
220,-124,1138,16856,186,0,195370,2130
221,,1138,16987,131,1,196844,1474
222,-122,1138,17117,130,0,198318,1474
223,-120,1138,17285,168,0,200511,2193
224,-119,1138,17472,187,0,202671.5,2160.5
225,-118,1138,17643,171,0,204685.5,2014
226,-117,1138,17805,162,0,206511,1825.5
227,-116,1138,18072,267,0,209565,3054
228,-115,1138,18204,132,0,211155,1590
229,-113,1138,18356,152,0,213097,1942
230,-112,1138,18522,166,0,215021,1924
231,-111,1138,18697,175,0,216895.5,1874.5
232,-110,1138,18848,151,0,218623.5,1728
233,-109,1138,18941,93,0,219612,988.5
234,-108,1138,19031,90,0,220552,940
235,-106,1138,19195,164,0,222557,2005
236,-105,1138,19362,167,0,224759,2202
237,-104,1138,19503,141,0,226468.5,1709.5
238,-103,1138,19615,112,0,227827,1358.5
239,-102,1138,19709,94,0,228890,1063
240,-101,1138,19775,66,0,229698,808
241,-99,1138,19865,90,0,230695.5,997.5
242,-98,1138,19954,89,0,231755,1059.5
243,-97,1138,20039,85,0,232724,969
244,-96,1138,20114,75,0,233544,820
245,-95,1138,20169,55,0,234182,638
246,-94,1138,20193,24,0,234435.5,253.5
247,-92,1138,20226,33,0,234806.5,371
248,-91,1138,20308,82,0,235812,1005.5
249,,1138,20384,76,1,236650,838
250,-89,1138,20459,75,0,237488,838
251,-88,1138,20925,466,0,242911,5423
252,-87,1138,21004,79,0,243971,1060
253,-85,1138,21120,116,0,245249.5,1278.5
254,-84,1138,21224,104,0,246336.5,1087
255,-83,1138,21325,101,0,247468,1131.5
256,-82,1138,21434,109,0,248714,1246
257,-81,1138,21492,58,0,249304,590
258,-80,1138,21568,76,0,250160,856
259,-78,1138,21643,75,0,251016,856
260,-77,1138,21731,88,0,251771,755
261,-76,1138,21816,85,0,252708.5,937.5
262,-75,1138,21892,76,0,253668.5,960
263,-74,1138,21948,56,0,254154.5,486
264,-73,1138,21996,48,0,254651.5,497
265,-71,1138,22093,97,0,255722.5,1071
266,-70,1138,22185,92,0,256575.5,853
267,-69,1138,22870,685,0,266049,9473.5
268,-68,1138,22948,78,0,266902,853
269,-67,1138,22999,51,0,267456,554
270,-66,1138,23062,63,0,267985,529
271,-64,1138,23131,69,0,268699,714
272,-63,1138,23815,684,0,277540,8841
273,-62,1138,23913,98,0,278761,1221
274,-61,1138,23994,81,0,279623,862
275,-60,1138,24637,643,0,288511.5,8888.5
276,-59,1138,24707,70,0,289249,737.5
277,-57,1138,24777,70,0,289945.5,696.5
278,-56,1138,24903,126,0,291244,1298.5
279,-55,1138,25325,422,0,296036,4792
280,-54,1138,25371,46,0,296534,498
281,-53,1138,25471,100,0,297582,1048
282,-52,1138,25552,81,0,298416,834
283,-50,1138,25677,125,0,299678.5,1262.5
284,-49,1138,25806,129,0,301205,1526.5
285,-48,1138,25990,184,0,303529,2324
286,,1138,26633,643,1,311871,8342
287,-46,1138,27275,642,0,320212,8341
288,-45,1138,27417,142,0,321871,1659
289,-43,1138,27595,178,0,323840,1969
290,-42,1138,28371,776,0,334232,10392
291,-41,1138,28504,133,0,335896.5,1664.5
292,-40,1138,28637,133,0,337273,1376.5
293,-39,1138,29347,710,0,346994,9721
294,-38,1138,29425,78,0,347779,785
295,-36,1138,29583,158,0,349301.5,1522.5
296,-35,1138,29753,170,0,350853.5,1552
297,-34,1138,29880,127,0,352159.5,1306
298,-33,1138,30034,154,0,353597,1437.5
299,-32,1138,30595,561,0,359721,6124
300,-31,1138,30717,122,0,361037.5,1316.5
301,-29,1138,30893,176,0,362596,1558.5
302,-28,1138,31074,181,0,364004.5,1408.5
303,-27,1138,31764,690,0,372848.5,8844
304,-26,1138,31889,125,0,374234.5,1386
305,-25,1138,32443,554,0,379886.5,5652
306,-24,1138,32594,151,0,381388.5,1502
307,-22,1138,32797,203,0,383372,1983.5
308,-21,1138,32993,196,0,385370,1998
309,-20,1138,33174,181,0,387132,1762
310,-19,1138,33341,167,0,388775.5,1643.5
311,-18,1138,33476,135,0,390112.5,1337
312,-17,1138,33584,108,0,391089,976.5
313,-15,1138,33806,222,0,393122.5,2033.5
314,-14,1138,34039,233,0,395418.5,2296
315,-13,1138,34066,27,0,396038,619.5
316,-12,1138,33404,-662,0,391725.5,-4312.5
317,-11,1138,33775,371,0,395324,3598.5
318,-10,1138,34039,264,0,397673.5,2349.5
319,-8,1138,34386,347,0,400799.5,3126
320,-7,1138,34753,367,0,404170.5,3371
321,-6,1138,35101,348,0,407253.5,3083
322,-5,1138,35737,636,0,413928.5,6675
323,-4,1138,36469,732,0,421077,7148.5
324,-3,1138,36704,235,0,423012.5,1935.5
325,-1,1138,35478,-1226,0,412443.5,-10569
326,0,1138,37133,1655,0,428867,16423.5
327,1,1138,37551,418,0,432794,3927
328,-125,1148,16402,0,0,191455,0
329,-124,1148,16613,211,0,193985.5,2530.5
330,-123,1148,16825,212,0,196518,2532.5
331,-122,1148,16984,159,0,198300,1782
332,,1148,17107,123,1,199716,1416
333,-120,1148,17230,123,0,201131.5,1415.5
334,-118,1148,17397,167,0,202967.5,1836
335,-117,1148,17600,203,0,205181.5,2214
336,-116,1148,17746,146,0,206929.5,1748
337,-115,1148,17918,172,0,208885.5,1956
338,-114,1148,18415,497,0,214148,5262.5
339,-113,1148,18552,137,0,215595,1447
340,-111,1148,18695,143,0,217472,1877
341,-110,1148,18870,175,0,219538,2066
342,-109,1148,19022,152,0,221289,1751
343,-108,1148,19145,123,0,222847.5,1558.5
344,-107,1148,19257,112,0,224195.5,1348
345,-106,1148,19353,96,0,225223.5,1028
346,-104,1148,19482,129,0,226731.5,1508
347,-103,1148,19694,212,0,229616.5,2885
348,-102,1148,19867,173,0,231546.5,1930
349,-101,1148,20007,140,0,233132.5,1586
350,-100,1148,20106,99,0,234160,1027.5
351,-99,1148,20189,83,0,235050,890
352,-97,1148,20311,122,0,236558.5,1508.5
353,-96,1148,20440,129,0,237928.5,1370
354,-95,1148,20539,99,0,239032,1103.5
355,-94,1148,20627,88,0,240072,1040
356,-93,1148,20700,73,0,240869,797
357,-92,1148,20766,66,0,241598,729
358,-90,1148,20816,50,0,242063,465
359,-89,1148,20944,128,0,243456,1393
360,-88,1148,21058,114,0,244639,1183
361,-87,1148,21145,87,0,245764,1125
362,-86,1148,21623,478,0,251195,5431
363,-85,1148,21709,86,0,252198,1003
364,-83,1148,21842,133,0,253740.5,1542.5
365,-82,1148,21930,88,0,254781.5,1041
366,-81,1148,22011,81,0,255838.5,1057
367,-80,1148,22087,76,0,256737.5,899
368,,1148,22144,57,1,257332,594.5
369,,1148,22202,58,1,257926,594
370,-76,1148,22260,58,0,258520.5,594.5
371,-75,1148,22379,119,0,259949.5,1429
372,-74,1148,22469,90,0,260988,1038.5
373,-73,1148,22554,85,0,261924,936
374,-72,1148,22611,57,0,262478,554
375,-71,1148,22671,60,0,263192,714
376,-69,1148,22765,94,0,264189.5,997.5
377,-68,1148,22856,91,0,265254.5,1065
378,-67,1148,23546,690,0,274606.5,9352
379,-66,1148,23642,96,0,275758.5,1152
380,-65,1148,23700,58,0,276445.5,687
381,-64,1148,23751,51,0,276891.5,446
382,-62,1148,23846,95,0,277981.5,1090
383,-61,1148,24520,674,0,287118.5,9137
384,-60,1148,24613,93,0,288190,1071.5
385,-59,1148,24689,76,0,289157,967
386,-58,1148,25358,669,0,298396.5,9239.5
387,-57,1148,25427,69,0,299282.5,886
388,-55,1148,25508,81,0,300149.5,867
389,-54,1148,25637,129,0,301649.5,1500
390,-53,1148,26142,505,0,307427.5,5778
391,-52,1148,26256,114,0,308802.5,1375
392,-51,1148,26284,28,0,309073.5,271
393,-50,1148,26386,102,0,310025.5,952
394,-48,1148,26557,171,0,311833.5,1808
395,-47,1148,26712,155,0,313761.5,1928
396,-46,1148,27455,743,0,323942.5,10181
397,-45,1148,27614,159,0,325685,1742.5
398,-44,1148,28185,571,0,329306,3621
399,-43,1148,28243,58,0,332927.5,3621.5
400,-41,1148,28408,165,0,334724,1796.5
401,-40,1148,29119,711,0,344341.5,9617.5
402,-39,1148,29281,162,0,346405.5,2064
403,-38,1148,29414,133,0,348008.5,1603
404,-37,1148,29977,563,0,355732.5,7724
405,-36,1148,30044,67,0,356512,779.5
406,-34,1148,30215,171,0,358241.5,1729.5
407,-33,1148,30373,158,0,359817,1575.5
408,-32,1148,30514,141,0,361239.5,1422.5
409,-31,1148,30655,141,0,362819.5,1580
410,-30,1148,31186,531,0,368482,5662.5
411,-29,1148,31301,115,0,369547.5,1065.5
412,-27,1148,31489,188,0,371555.5,2008
413,-26,1148,31653,164,0,373152.5,1597
414,-25,1148,32235,582,0,380606,7453.5
415,-24,1148,32385,150,0,382337,1731
416,-23,1148,33021,636,0,389135.5,6798.5
417,-22,1148,33205,184,0,390932,1796.5
418,-20,1148,33460,255,0,393675.5,2743.5
419,-19,1148,33711,251,0,396162,2486.5
420,-18,1148,33932,221,0,398234,2072
421,-17,1148,34130,198,0,400304.5,2070.5
422,-16,1148,34259,129,0,401593.5,1289
423,-15,1148,34399,140,0,402752,1158.5
424,-13,1148,34640,241,0,405053.5,2301.5
425,-12,1148,34904,264,0,408009,2955.5
426,-11,1148,34985,81,0,409130,1121
427,-10,1148,34364,-621,0,404769,-4361
428,-9,1148,35308,944,0,414193.5,9424.5
429,-8,1148,35495,187,0,415808.5,1615
430,-6,1148,35919,424,0,419790,3981.5
431,-5,1148,36372,453,0,423862.5,4072.5
432,-4,1148,37035,663,0,430825.5,6963
433,-3,1148,35761,-1274,0,419241.5,-11584
434,-2,1148,37092,1331,0,432907.5,13666
435,-1,1148,37381,289,0,435157,2249.5
436,1,1148,37832,451,0,439458.5,4301.5
437,-125,1158,16164,0,0,190383,0
438,-124,1158,16326,162,0,192461,2078
439,-123,1158,16504,178,0,194498,2037
440,-122,1158,16677,173,0,196476,1978
441,-121,1158,16803,126,0,197809,1333
442,-120,1158,16894,91,0,198837,1028
443,-118,1158,17063,169,0,200878.5,2041.5
444,-117,1158,17246,183,0,202823.5,1945
445,-116,1158,17388,142,0,204510.5,1687
446,-115,1158,17529,141,0,206062.5,1552
447,-114,1158,17635,106,0,207262.5,1200
448,-113,1158,17736,101,0,208299.5,1037
449,-111,1158,17884,148,0,210014.5,1715
450,-110,1158,18005,121,0,211447,1432.5
451,-109,1158,18160,155,0,213208,1761
452,-108,1158,18319,159,0,215036,1828
453,-107,1158,18824,505,0,220584.5,5548.5
454,-106,1158,18944,120,0,222049.5,1465
455,-104,1158,19098,154,1,223892,1842.5
456,-103,1158,19251,153,0,225733.5,1841.5
457,-102,1158,19372,121,0,227213.5,1480
458,-101,1158,19498,126,0,228846.5,1633
459,-100,1158,19611,113,0,230074,1227.5
460,-99,1158,19701,90,0,231197,1123
461,-97,1158,19849,148,0,232962.5,1765.5
462,-96,1158,20008,159,0,235164,2201.5
463,,1158,20125,117,1,236650,1486
464,-94,1158,20241,116,0,238136.5,1486.5
465,-93,1158,20328,87,0,239136.5,1000
466,-92,1158,20397,69,0,239921.5,785
467,-90,1158,20455,58,0,240508.5,587
468,-89,1158,20548,93,0,241558.5,1050
469,-88,1158,20642,94,0,242550,991.5
470,-87,1158,20740,98,0,243535.5,985.5
471,-86,1158,20790,50,0,244179.5,644
472,-85,1158,20853,63,0,244919,739.5
473,-83,1158,20918,65,0,245793,874
474,-82,1158,20984,66,0,246612,819
475,-81,1158,21087,103,0,247814,1202
476,-80,1158,21161,74,0,248616,802
477,-79,1158,21643,482,0,254227,5611
478,,1158,21745,102,1,255479,1252
479,-76,1158,21847,102,0,256730,1251
480,-75,1158,21944,97,0,257834,1104
481,-74,1158,22033,89,0,258737,903
482,,1158,22106,73,1,259504,767
483,,1158,22174,68,1,260271,767
484,,1158,22242,68,1,261038,767
485,,1158,22310,68,1,261805,767
486,-68,1158,22379,69,0,262569.5,764.5
487,-67,1158,22989,610,0,270847,8277.5
488,-66,1158,23053,64,0,271828,981
489,-65,1158,23114,61,0,272423.5,595.5
490,-64,1158,23172,58,0,273044,620.5
491,-62,1158,23254,82,0,273826,782
492,-61,1158,23852,598,0,282057.5,8231.5
493,-60,1158,23932,80,0,282935.5,878
494,-59,1158,23987,55,0,283514,578.5
495,-58,1158,24568,581,0,291527,8013
496,-57,1158,24638,70,0,292271,744
497,-55,1158,24721,83,0,293104,833
498,-54,1158,24836,115,0,294385.5,1281.5
499,-53,1158,24951,115,0,295849,1463.5
500,-52,1158,25059,108,0,297159,1310
501,-51,1158,25099,40,0,297487.5,328.5
502,-50,1158,25158,59,0,298091.5,604
503,-48,1158,25252,94,0,299139.5,1048
504,-47,1158,25399,147,0,300930,1790.5
505,-46,1158,26046,647,0,309694,8764
506,-45,1158,26688,642,0,316976,7282
507,-44,1158,26816,128,0,318509,1533
508,-43,1158,26904,88,0,319594,1085
509,-41,1158,27047,143,0,320986,1392
510,-40,1158,27679,632,0,329273,8287
511,-39,1158,27817,138,0,330884.5,1611.5
512,-38,1158,27924,107,0,332208,1323.5
513,-37,1158,28626,702,0,341787.5,9579.5
514,-36,1158,28705,79,0,342442.5,655
515,-34,1158,28849,144,0,343981.5,1539
516,-33,1158,29046,197,0,346020.5,2039
517,-32,1158,29199,153,0,347655.5,1635
518,-31,1158,29328,129,0,348848,1192.5
519,-30,1158,29907,579,0,355203.5,6355.5
520,-29,1158,30051,144,0,356486.5,1283
521,-27,1158,30228,177,0,358327,1840.5
522,-26,1158,30383,155,0,359806.5,1479.5
523,-25,1158,31122,739,0,369304,9497.5
524,-24,1158,31284,162,0,370844,1540
525,-23,1158,31873,589,0,377152,6308
526,-22,1158,32034,161,0,378737,1585
527,-20,1158,32242,208,0,380968.5,2231.5
528,-19,1158,32410,168,0,382727,1758.5
529,-18,1158,32569,159,0,384264,1537
530,-17,1158,32732,163,0,385964,1700
531,-16,1158,33320,588,0,392260.5,6296.5
532,-15,1158,33470,150,0,393778.5,1518
533,-13,1158,33680,210,0,395974,2195.5
534,-12,1158,33876,196,0,398073.5,2099.5
535,-11,1158,34126,250,0,401033.5,2960
536,-10,1158,34546,420,0,405791.5,4758
537,-9,1158,34878,332,0,409313.5,3522
538,-8,1158,35020,142,0,410540.5,1227
539,-6,1158,35185,165,0,412466.5,1926
540,-5,1158,35552,367,0,415791,3324.5
541,-4,1158,36345,793,0,425000.5,9209.5
542,-3,1158,35153,-1192,0,415504.5,-9496
543,-2,1158,36253,1100,0,426754.5,11250
544,-1,1158,36544,291,0,429122.5,2368
545,1,1158,36954,410,0,433301,4178.5
546,-125,1168,18127,0,0,211947.5,0
547,-124,1168,18299,172,0,213963.5,2016
548,-123,1168,18478,179,0,215970,2006.5
549,-122,1168,18627,149,0,217693,1723
550,-121,1168,18743,116,0,218949,1256
551,-120,1168,18836,93,0,220026,1077
552,-118,1168,18963,127,0,221593,1567
553,-117,1168,19109,146,0,223245,1652
554,-116,1168,19233,124,0,224720.5,1475.5
555,-115,1168,19341,108,0,226010.5,1290
556,-114,1168,19874,533,0,231801.5,5791
557,-113,1168,19987,113,0,233203.5,1402
558,-111,1168,20144,157,0,234929,1725.5
559,-110,1168,20307,163,0,236936.5,2007.5
560,-109,1168,20440,133,0,238392.5,1456
561,-108,1168,20590,150,0,240245,1852.5
562,-107,1168,20702,112,0,241528,1283
563,-106,1168,20817,115,0,242567,1039
564,-104,1168,20989,172,0,244792.5,2225.5
565,-103,1168,21189,200,0,247494,2701.5
566,-102,1168,21349,160,0,249463,1969
567,-101,1168,21491,142,0,251262,1799
568,-100,1168,21572,81,0,252263,1001
569,-99,1168,21646,74,0,253251,988
570,-97,1168,21728,82,0,254331,1080
571,-96,1168,21826,98,0,255524,1193
572,-95,1168,21897,71,0,256265.5,741.5
573,-94,1168,21965,68,0,256896.5,631
574,-93,1168,22009,44,0,257454.5,558
575,-92,1168,22052,43,0,258048.5,594
576,-90,1168,22094,42,0,258424.5,376
577,-89,1168,22172,78,0,259337,912.5
578,-88,1168,22264,92,0,260233,896
579,-87,1168,22350,86,0,261159,926
580,-86,1168,22814,464,0,266265.5,5106.5
581,-85,1168,22900,86,0,267240.5,975
582,-83,1168,22996,96,0,268502,1261.5
583,-82,1168,23071,75,0,269516,1014
584,-81,1168,23149,78,0,270471,955
585,-80,1168,23220,71,0,271304.5,833.5
586,-79,1168,23277,57,0,271716.5,412
587,-78,1168,23328,51,0,272310.5,594
588,-76,1168,23397,69,0,273247.5,937
589,-75,1168,24028,631,0,281633.5,8386
590,-74,1168,24090,62,0,282384.5,751
591,-73,1168,24143,53,0,282943.5,559
592,-72,1168,24778,635,0,291627,8683.5
593,-71,1168,24827,49,0,292225,598
594,-69,1168,24884,57,0,292807,582
595,-68,1168,25489,605,0,300790.5,7983.5
596,-67,1168,25574,85,0,301858,1067.5
597,-66,1168,25653,79,0,302747,889
598,-65,1168,26271,618,0,311216,8469
599,-64,1168,26324,53,0,311848,632
600,-62,1168,26427,103,0,313096,1248
601,-61,1168,26571,144,0,315123,2027
602,-60,1168,26657,86,0,316123.5,1000.5
603,-59,1168,27258,601,0,324424,8300.5
604,-58,1168,27325,67,0,325174,750
605,-57,1168,27374,49,0,325685.5,511.5
606,-55,1168,27395,21,0,325966.5,281
607,-54,1168,27490,95,0,327100,1133.5
608,-53,1168,27582,92,0,327990.5,890.5
609,-52,1168,28097,515,0,333780.5,5790
610,-51,1168,28211,114,0,335036.5,1256
611,-50,1168,28318,107,0,336110.5,1074
612,-48,1168,28447,129,0,337361.5,1251
613,-47,1168,28591,144,0,338885.5,1524
614,-46,1168,28698,107,0,340103.5,1218
615,-45,1168,29351,653,0,348440.5,8337
616,-44,1168,29439,88,0,349314,873.5
617,-43,1168,29507,68,0,350161,847
618,-41,1168,29626,119,0,351607,1446
619,-40,1168,29763,137,0,353190,1583
620,-39,1168,29908,145,0,354734.5,1544.5
621,-38,1168,30016,108,0,355929,1194.5
622,-37,1168,30644,628,0,362638,6709
623,-36,1168,30762,118,0,363982,1344
624,-34,1168,30933,171,0,365809,1827
625,-33,1168,31074,141,0,367291.5,1482.5
626,-32,1168,31791,717,0,376066,8774.5
627,-31,1168,31945,154,0,377766.5,1700.5
628,-30,1168,32542,597,0,384219,6452.5
629,-29,1168,32675,133,0,385781.5,1562.5
630,-27,1168,32840,165,0,387528.5,1747
631,-26,1168,32993,153,0,389125,1596.5
632,-25,1168,33155,162,0,390906,1781
633,-24,1168,33306,151,0,392720.5,1814.5
634,-23,1168,33898,592,0,399033.5,6313
635,-22,1168,34027,129,0,400301.5,1268
636,-20,1168,34239,212,0,402598,2296.5
637,-19,1168,34405,166,0,404304,1706
638,-18,1168,34561,156,0,406024,1720
639,-17,1168,34716,155,0,407727.5,1703.5
640,-16,1168,34832,116,0,409043,1315.5
641,-15,1168,34950,118,0,410008,965
642,-13,1168,35119,169,0,411794,1786
643,-12,1168,35710,591,0,417590.5,5796.5
644,-11,1168,35780,70,0,418860,1269.5
645,-10,1168,35651,-129,0,418499.5,-360.5
646,-9,1168,36392,741,0,426975.5,8476
647,-8,1168,36518,126,0,428034.5,1059
648,-6,1168,36912,394,0,431734.5,3700
649,-5,1168,37222,310,0,434744.5,3010
650,-4,1168,37549,327,0,438404.5,3660
651,-3,1168,36717,-832,0,432034,-6370.5
652,-2,1168,37418,701,0,439475.5,7441.5
653,-1,1168,37600,182,0,441175.5,1700
654,1,1168,37874,274,0,443967,2791.5
655,-125,1178,17805,0,0,206983,0
656,-124,1178,17979,174,0,209266,2283
657,-123,1178,18142,163,0,211172,1906
658,-122,1178,18301,159,0,212988,1816
659,-121,1178,18424,123,0,214302,1314
660,-120,1178,18530,106,0,215464,1162
661,-118,1178,18722,192,0,217590,2126
662,-117,1178,18919,197,0,220168.5,2578.5
663,-116,1178,19092,173,0,222382.5,2214
664,-115,1178,19243,151,0,224225.5,1843
665,-114,1178,19751,508,0,230004.5,5779
666,-113,1178,19886,135,0,231531.5,1527
667,-111,1178,20052,166,0,233606.5,2075
668,-110,1178,20205,153,0,235328.5,1722
669,-109,1178,20368,163,0,237203.5,1875
670,-108,1178,20576,208,0,239439.5,2236
671,-107,1178,20691,115,0,240754.5,1315
672,-106,1178,20792,101,0,241864.5,1110
673,-104,1178,20918,126,0,243414.5,1550
674,-103,1178,21100,182,0,245798,2383.5
675,-102,1178,21251,151,0,247754,1956
676,-101,1178,21385,134,0,249477,1723
677,-100,1178,21483,98,0,250711,1234
678,-99,1178,21559,76,0,251493,782
679,-97,1178,21652,93,0,252536,1043
680,-96,1178,21742,90,0,253731,1195
681,-95,1178,21833,91,0,254704.5,973.5
682,-94,1178,21908,75,0,255524.5,820
683,-93,1178,21959,51,0,256248.5,724
684,-92,1178,22017,58,0,256948.5,700
685,-90,1178,22054,37,0,257390.5,442
686,-89,1178,22143,89,0,258413.5,1023
687,-88,1178,22218,75,0,259349.5,936
688,-87,1178,22313,95,0,260310.5,961
689,-86,1178,22762,449,0,265122,4811.5
690,-85,1178,22864,102,0,266247,1125
691,-83,1178,22994,130,0,267848,1601
692,-82,1178,23111,117,0,269082,1234
693,-81,1178,23193,82,0,270193,1111
694,-80,1178,23260,67,0,270895,702
695,-79,1178,23308,48,0,271616,721
696,-78,1178,23352,44,0,272111,495
697,-76,1178,23435,83,0,273047.5,936.5
698,-75,1178,24097,662,0,282030.5,8983
699,-74,1178,24169,72,0,282902.5,872
700,-73,1178,24230,61,0,283562.5,660
701,-72,1178,24853,623,0,291849.5,8287
702,-71,1178,24905,52,0,292493.5,644
703,-69,1178,24965,60,0,293190.5,697
704,-68,1178,25627,662,0,302254.5,9064
705,-67,1178,25686,59,0,303093.5,839
706,-66,1178,25749,63,0,303849.5,756
707,-65,1178,26364,615,0,312234.5,8385
708,-64,1178,26423,59,0,312866.5,632
709,-62,1178,26511,88,0,313994.5,1128
710,-61,1178,26592,81,0,314962.5,968
711,-60,1178,27261,669,0,323972.5,9010
712,-59,1178,27342,81,0,325092.5,1120
713,-58,1178,27401,59,0,325594,501.5
714,-57,1178,27470,69,0,326246.5,652.5
715,-55,1178,27531,61,0,326872.5,626
716,-54,1178,27554,23,0,327169.5,297
717,-53,1178,27656,102,0,328371.5,1202
718,-52,1178,28137,481,0,333447.5,5076
719,-51,1178,28248,111,0,334920,1472.5
720,-50,1178,28333,85,0,335808.5,888.5
721,-48,1178,28490,157,0,337559,1750.5
722,-47,1178,28633,143,0,339304,1745
723,-46,1178,28776,143,0,340931,1627
724,-45,1178,29514,738,0,350526,9595
725,-44,1178,29609,95,0,351596,1070
726,-43,1178,29684,75,0,352327,731
727,-41,1178,29783,99,0,353429,1102
728,-40,1178,29935,152,0,355242,1813
729,-39,1178,30062,127,0,356906,1664
730,-38,1178,30183,121,0,358444,1538
731,-37,1178,30746,563,0,364582,6138
732,-36,1178,30853,107,0,365700,1118
733,-34,1178,31027,174,0,367760.5,2060.5
734,-33,1178,31172,145,0,369390.5,1630
735,-32,1178,31902,730,0,378209.5,8819
736,-31,1178,32016,114,0,379427.5,1218
737,-30,1178,32578,562,0,385322.5,5895
738,-29,1178,32734,156,0,386841.5,1519
739,-27,1178,32909,175,0,388775.5,1934
740,-26,1178,33105,196,0,390747.5,1972
741,-25,1178,33230,125,0,392221.5,1474
742,-24,1178,33383,153,0,393736.5,1515
743,-23,1178,33853,470,0,398661.5,4925
744,-22,1178,33976,123,0,400018.5,1357
745,-20,1178,34162,186,0,402001,1982.5
746,-19,1178,34285,123,0,403591,1590
747,-18,1178,34445,160,0,405327,1736
748,-17,1178,34802,357,0,408924,3597
749,-16,1178,34979,177,0,410614,1690
750,-15,1178,35108,129,0,411849,1235
751,-13,1178,35284,176,0,413628,1779
752,-12,1178,35599,315,0,416877,3249
753,-11,1178,35626,27,0,417357,480
754,-10,1178,35847,221,0,419241,1884
755,-9,1178,36455,608,0,426471,7230
756,-8,1178,36610,155,0,427967,1496
757,-6,1178,36668,58,0,429496.5,1529.5
758,-5,1178,37081,413,0,433655.5,4159
759,-4,1178,37557,476,0,438496,4840.5
760,-3,1178,36537,-1020,0,430359.5,-8136.5
761,-2,1178,37421,884,0,439359.5,9000
762,-1,1178,37635,214,0,441229.5,1870
763,1,1178,37915,280,0,444447.5,3218
764,-125,1188,17562,0,0,203475.5,0
765,-124,1188,17740,178,0,205678.5,2203
766,-123,1188,17896,156,0,207807.5,2129
767,-122,1188,18060,164,0,209559.5,1752
768,-121,1188,18175,115,0,210963.5,1404
769,-120,1188,18281,106,0,212197.5,1234
770,-118,1188,18452,171,0,214052.5,1855
771,-117,1188,18599,147,0,215871.5,1819
772,-116,1188,18747,148,0,217566.5,1695
773,-115,1188,18915,168,0,219470.5,1904
774,-114,1188,19437,522,0,225104.5,5634
775,-113,1188,19564,127,0,226501.5,1397
776,-111,1188,19727,163,0,228371.5,1870
777,-110,1188,19901,174,0,230295.5,1924
778,-109,1188,20069,168,0,232347.5,2052
779,-108,1188,20226,157,0,234150.5,1803
780,-107,1188,20354,128,0,235529.5,1379
781,-106,1188,20458,104,0,236686.5,1157
782,-104,1188,20625,167,0,238688.5,2002
783,-103,1188,20813,188,0,241352.5,2664
784,-102,1188,20979,166,0,243569.5,2217
785,-101,1188,21079,100,0,244974.5,1405
786,-100,1188,21163,84,0,245932.5,958
787,-99,1188,21350,187,0,248478.5,2546
788,-97,1188,21466,116,0,249676.5,1198
789,-96,1188,21568,102,0,250942.5,1266
790,-95,1188,21674,106,0,252072.5,1130
791,-94,1188,21749,75,0,252990.5,918
792,-93,1188,21830,81,0,253928.5,938
793,-92,1188,21876,46,0,254499.5,571
794,-90,1188,21910,34,0,254856.5,357
795,-89,1188,22000,90,0,255879.5,1023
796,-88,1188,22088,88,0,256938.5,1059
797,-87,1188,22177,89,0,257913.5,975
798,-86,1188,22625,448,0,262994.5,5081
799,-85,1188,22715,90,0,263992.5,998
800,-83,1188,22848,133,0,265479.5,1487
801,-82,1188,22947,99,0,266604.5,1125
802,-81,1188,23032,85,0,267432.5,828
803,-80,1188,23117,85,0,268321.5,889
804,-79,1188,23200,83,0,269362.5,1041
805,-78,1188,23255,55,0,269883.5,521
806,-76,1188,23340,85,0,270678.5,795
807,-75,1188,23437,97,0,271695.5,1017
808,-74,1188,23564,127,0,273027.5,1332
809,-73,1188,24137,573,0,281299.5,8272
810,,1188,24462,325,1,285645,4345.5
811,-71,1188,24787,325,0,289991,4346
812,-69,1188,24860,73,0,290135,144
813,-68,1188,24944,84,0,291160,1025
814,-67,1188,25548,604,0,299539,8379
815,-66,1188,25632,84,0,300663,1124
816,-65,1188,25712,80,0,301901,1238
817,-64,1188,26304,592,0,310049,8148
818,-62,1188,26405,101,0,311213,1164
819,-61,1188,26497,92,0,312278,1065
820,-60,1188,26564,67,0,313070,792
821,-59,1188,27139,575,0,320554,7484
822,-58,1188,27649,510,0,326227,5673
823,-57,1188,27760,111,0,327481,1254
824,-55,1188,27902,142,0,329117,1636
825,-54,1188,28004,102,0,330342,1225
826,-53,1188,28043,39,0,330777,435
827,-52,1188,28142,99,0,331817,1040
828,-51,1188,28221,79,0,332717,900
829,-50,1188,28306,85,0,333657,940
830,-48,1188,28450,144,0,335132,1475
831,-47,1188,28590,140,0,336547,1415
832,-46,1188,28942,352,0,341494,4947
833,-45,1188,29100,158,0,343109,1615
834,-44,1188,29491,391,0,348152,5043
835,-43,1188,29593,102,0,349277,1125
836,-41,1188,29752,159,0,351080,1803
837,-40,1188,30061,309,0,354983.5,3903.5
838,-39,1188,30217,156,0,356863.5,1880
839,-38,1188,30341,124,0,358375.5,1512
840,-37,1188,30940,599,0,365060.5,6685
841,-36,1188,31073,133,0,366376.5,1316
842,-34,1188,31237,164,0,368165.5,1789
843,-33,1188,31535,298,0,371958.5,3793
844,-32,1188,31704,169,0,373657.5,1699
845,-31,1188,32028,324,0,377792.5,4135
846,,1188,32277,249,1,380631,2838.5
847,-29,1188,32526,249,0,383468.5,2837.5
848,-27,1188,32737,211,0,385515,2046.5
849,-26,1188,32931,194,0,387481,1966
850,-25,1188,33129,198,0,389637,2156
851,-24,1188,33295,166,0,391355,1718
852,-23,1188,33644,349,0,395053,3698
853,-22,1188,33751,107,0,396114,1061
854,-20,1188,33953,202,0,398057,1943
855,-19,1188,34255,302,0,401673,3616
856,-18,1188,34639,384,0,405786.5,4113.5
857,-17,1188,34805,166,0,407603.5,1817
858,-16,1188,34941,136,0,408882.5,1279
859,-15,1188,35292,351,0,412388.5,3506
860,-13,1188,35509,217,0,414725.5,2337
861,-12,1188,35925,416,0,419095,4369.5
862,-11,1188,36000,75,0,420298,1203
863,-10,1188,36183,183,0,422322,2024
864,-9,1188,36529,346,0,426120,3798
865,-8,1188,36703,174,0,427653,1533
866,-6,1188,36398,-305,0,426603,-1050
867,-5,1188,36937,539,0,431941,5338
868,-4,1188,37286,349,0,435588,3647
869,-3,1188,37098,-188,0,434440,-1148
870,-2,1188,37578,480,0,439879,5439
871,-1,1188,37774,196,0,441786,1907
872,1,1188,38012,238,0,444379,2593
873,-125,1198,17982,201,0,207421,0
874,-124,1198,18208,226,0,209965,2544
875,-123,1198,18371,163,0,211767,1802
876,-122,1198,18559,188,0,213823,2056
877,-121,1198,18662,103,0,215068,1245
878,-120,1198,18767,105,0,216199,1131
879,-118,1198,18946,179,0,218433,2234
880,-117,1198,19098,152,0,220230,1797
881,-116,1198,19245,147,0,221870,1640
882,-115,1198,19411,166,0,223819,1949
883,-114,1198,19869,458,0,228965,5146
884,-113,1198,19994,125,0,230518,1553
885,-111,1198,20166,172,0,232356,1838
886,-110,1198,20349,183,0,234183,1827
887,-109,1198,20512,163,0,235977,1794
888,-108,1198,20650,138,0,237609,1632
889,-107,1198,20744,94,0,238575,966
890,-106,1198,20857,113,0,239615,1040
891,-104,1198,21069,212,0,242128,2513
892,-103,1198,21205,136,0,244022,1894
893,-102,1198,21352,147,0,245625,1603
894,-101,1198,21456,104,0,246937,1312
895,-100,1198,21738,282,0,250126,3189
896,-99,1198,21837,99,0,251115,989
897,-97,1198,21963,126,0,252470,1355
898,-96,1198,22069,106,0,253877,1407
899,-95,1198,22214,145,0,255196,1319
900,-94,1198,22290,76,0,256026,830
901,-93,1198,22369,79,1,256803,777
902,-92,1198,22449,80,1,257581,778
903,-90,1198,22528,79,0,258358,777
904,-89,1198,22571,43,0,258893,535
905,-88,1198,22651,80,0,259829,936
906,-87,1198,22727,76,0,260674,845
907,-86,1198,23183,456,0,265862,5188
908,-85,1198,23269,86,0,266750,888
909,-83,1198,23380,111,0,268066,1316
910,-82,1198,23468,88,0,269105,1039
911,-81,,,,0,,
912,-80,,,,0,,
913,-79,,,,0,,
914,-78,,,,0,,
915,-76,,,,0,,
916,-75,,,,0,,
917,-74,,,,0,,
918,-73,,,,0,,
919,-72,,,,0,,
920,-71,,,,0,,
921,-69,,,,0,,
922,-68,,,,0,,
923,-67,,,,0,,
924,-66,,,,0,,
925,-65,,,,0,,
926,-64,,,,0,,
927,-62,,,,0,,
928,-61,,,,0,,
929,-60,,,,0,,
930,-59,,,,0,,
931,-58,,,,0,,
932,-57,,,,0,,
933,-55,,,,0,,
934,-54,,,,0,,
935,-53,,,,0,,
936,-52,,,,0,,
937,-51,,,,0,,
938,-50,,,,0,,
939,-48,,,,0,,
940,-47,,,,0,,
941,-46,,,,0,,
942,-45,,,,0,,
943,-44,,,,0,,
944,-43,,,,0,,
945,-41,,,,0,,
946,-40,,,,0,,
947,-39,,,,0,,
948,-38,,,,0,,
949,-37,,,,0,,
950,-36,,,,0,,
951,-34,,,,0,,
952,-33,,,,0,,
953,-32,,,,0,,
954,-31,,,,0,,
955,-30,,,,0,,
956,-29,,,,0,,
957,-27,,,,0,,
958,-26,,,,0,,
959,-25,,,,0,,
960,-24,,,,0,,
961,-23,,,,0,,
962,-22,,,,0,,
963,-20,,,,0,,
964,-19,,,,0,,
965,-18,,,,0,,
966,-17,,,,0,,
967,-16,,,,0,,
968,-15,,,,0,,
969,-13,,,,0,,
970,-12,,,,0,,
971,-11,,,,0,,
972,-10,,,,0,,
973,-9,,,,0,,
974,-8,,,,0,,
975,-6,,,,0,,
976,-5,,,,0,,
977,-4,,,,0,,
978,-3,,,,0,,
979,-2,,,,0,,
980,-1,,,,0,,
981,1,,,,0,,
